{"assets/DBS.svg":["assets/DBS.svg"],"assets/NoSelection.svg":["assets/NoSelection.svg"],"assets/add.svg":["assets/add.svg"],"assets/alert.svg":["assets/alert.svg"],"assets/attach.svg":["assets/attach.svg"],"assets/calendar.svg":["assets/calendar.svg"],"assets/checkbox.svg":["assets/checkbox.svg"],"assets/checkboxSelected.svg":["assets/checkboxSelected.svg"],"assets/close.svg":["assets/close.svg"],"assets/conveyor.svg":["assets/conveyor.svg"],"assets/expand_48.svg":["assets/expand_48.svg"],"assets/exportNotes.svg":["assets/exportNotes.svg"],"assets/flare.svg":["assets/flare.svg"],"assets/flutter_i18n/en.yaml":["assets/flutter_i18n/en.yaml"],"assets/flutter_i18n/tr.yaml":["assets/flutter_i18n/tr.yaml"],"assets/home.svg":["assets/home.svg"],"assets/images/header_white_logo.png":["assets/images/header_white_logo.png"],"assets/images/product_image.jpg":["assets/images/product_image.jpg"],"assets/invoice.svg":["assets/invoice.svg"],"assets/list.svg":["assets/list.svg"],"assets/logo.png":["assets/logo.png"],"assets/menu.svg":["assets/menu.svg"],"assets/newMessage.svg":["assets/newMessage.svg"],"assets/notsecure.svg":["assets/notsecure.svg"],"assets/order.svg":["assets/order.svg"],"assets/package.svg":["assets/package.svg"],"assets/paid.svg":["assets/paid.svg"],"assets/paletPointWhite 1.svg":["assets/paletPointWhite 1.svg"],"assets/pallet.svg":["assets/pallet.svg"],"assets/paymentProcess.svg":["assets/paymentProcess.svg"],"assets/pending.svg":["assets/pending.svg"],"assets/pending2.svg":["assets/pending2.svg"],"assets/proposal.svg":["assets/proposal.svg"],"assets/scrap.svg":["assets/scrap.svg"],"assets/shipment.svg":["assets/shipment.svg"],"assets/store.svg":["assets/store.svg"],"assets/trolley.svg":["assets/trolley.svg"],"assets/warehouse.svg":["assets/warehouse.svg"],"packages/cupertino_icons/assets/CupertinoIcons.ttf":["packages/cupertino_icons/assets/CupertinoIcons.ttf"]}